{"cameraMode":{"drawMode":0,"name":"Shaded","section":"Shading Mode"},"sceneLighting":true,"audioPlay":false,"sceneViewState":{"showFog":true,"showMaterialUpdate":false,"showSkybox":true,"showFlares":true,"showImageEffects":true,"showParticleSystems":true},"in2DMode":false,"pivot":{"x":-0.5379374027252197,"y":3.4303231239318849,"z":6.0394368171691898},"rotation":{"x":-0.22378939390182496,"y":0.09543243050575257,"z":-0.02202293649315834,"w":-0.969706654548645},"size":12.239727020263672,"orthographic":false}